{
  "type": "FeatureCollection",
  "features": [
        {"id":"176461","type":"Feature","geometry":{"type":"Point","coordinates":[-122.234317,37.79861]},"properties":{"crime_type":"VEHICLE THEFT","date_time":"2010-05-01 22:30:00","description":"VEHICLE THEFT - AUTO","case_number":"10-026086","address":"1300 block of E 28th St, Oakland 94606","zip_code":null,"beat":"17Y","accuracy":"6"}}, 
        {"id":"177632","type":"Feature","geometry":{"type":"Point","coordinates":[-122.242961,37.80408]},"properties":{"crime_type":"BURGLARY","date_time":"2010-05-01 16:30:00","description":"ATTEMPTED BURGLARY","case_number":"10-026258","address":"500 block of Montclair Ave, Oakland 94606","zip_code":null,"beat":"15X","accuracy":"6"}}, 
        {"id":"176441","type":"Feature","geometry":{"type":"Point","coordinates":[-122.236176,37.795031]},"properties":{"crime_type":"ROBBERY","date_time":"2010-05-01 15:40:00","description":"ROBBERY - STRONG ARM (HANDS, FISTS, FEET, ETC.)","case_number":"10-025959","address":"1700 block of E 24th St, Oakland 94606","zip_code":null,"beat":"18Y","accuracy":"6"}}, 
        {"id":"176434","type":"Feature","geometry":{"type":"Point","coordinates":[-122.241116,37.800641]},"properties":{"crime_type":"ROBBERY","date_time":"2010-05-01 14:25:00","description":"ROBBERY\/INHABITED DWELLING - STRONGARM (HANDS, FISTS, FEET)","case_number":"10-025952","address":"2400 block of 8th Ave, Oakland 94606","zip_code":null,"beat":"17Y","accuracy":"6"}}, 
        {"id":"176028","type":"Feature","geometry":{"type":"Point","coordinates":[-122.25137,37.796175]},"properties":{"crime_type":"DISTURBING THE PEACE","date_time":"2010-05-01 13:13:00","description":"ANNOYING TELEPHONE CALL:OBSCENE\/THREATENING","case_number":"10-025940","address":"1500 block of 6th Ave, Oakland 94606","zip_code":null,"beat":"19X","accuracy":"6"}}, 
        {"id":"176105","type":"Feature","geometry":{"type":"Point","coordinates":[-122.248547,37.801277]},"properties":{"crime_type":"VEHICLE THEFT","date_time":"2010-05-01 12:33:00","description":"VEHICLE THEFT - AUTO","case_number":"10-025714","address":"200 block of Newton Ave, Oakland 94606","zip_code":null,"beat":"15X","accuracy":"6"}}, 
        {"id":"176025","type":"Feature","geometry":{"type":"Point","coordinates":[-122.242456,37.794643]},"properties":{"crime_type":"SIMPLE ASSAULT","date_time":"2010-05-01 12:30:00","description":"BATTERY:SPOUSE\/EX SPOUSE\/DATE\/ETC","case_number":"10-025942","address":"1100 block of E 20th St, Oakland 94606","zip_code":null,"beat":"17X","accuracy":"6"}}, 
        {"id":"177631","type":"Feature","geometry":{"type":"Point","coordinates":[-122.248692,37.797126]},"properties":{"crime_type":"BURGLARY","date_time":"2010-05-01 11:00:00","description":"BURGLARY-FORCIBLE ENTRY","case_number":"10-025971","address":"600 block of E 18th St, Oakland 94606","zip_code":null,"beat":"17X","accuracy":"6"}}, 
        {"id":"177630","type":"Feature","geometry":{"type":"Point","coordinates":[-122.254199,37.795473]},"properties":{"crime_type":"BURGLARY","date_time":"2010-05-01 10:00:00","description":"BURGLARY-NO FORCE","case_number":"10-025927","address":"1200 block of 5th Ave, Oakland 94606","zip_code":null,"beat":"19X","accuracy":"6"}}, 
        {"id":"176423","type":"Feature","geometry":{"type":"Point","coordinates":[-122.245612,37.800314]},"properties":{"crime_type":"BURGLARY","date_time":"2010-05-01 08:15:00","description":"BURGLARY-FORCIBLE ENTRY","case_number":"10-025789-001","address":"500 block of E 22nd St, Oakland 94606","zip_code":null,"beat":"17Y","accuracy":"6"}}, 
        {"id":"176005","type":"Feature","geometry":{"type":"Point","coordinates":[-122.244197,37.788342]},"properties":{"crime_type":"NARCOTICS","date_time":"2010-05-01 03:44:00","description":"POSSESS NARCOTIC CONTROLLED SUBSTANCE","case_number":"10-025895","address":"International Blvd & 16th Ave, Oakland, CA 94606, USA","zip_code":null,"beat":"19X","accuracy":"7"}}, 
        {"id":"176004","type":"Feature","geometry":{"type":"Point","coordinates":[-122.244197,37.788342]},"properties":{"crime_type":"NARCOTICS","date_time":"2010-05-01 03:44:00","description":"POSSESS CONTROLLED SUBSTANCE PARAPHERNALIA","case_number":"10-025895","address":"International Blvd & 16th Ave, Oakland, CA 94606, USA","zip_code":null,"beat":"19X","accuracy":"7"}}, 
        {"id":"175992","type":"Feature","geometry":{"type":"Point","coordinates":[-122.251012,37.799083]},"properties":{"crime_type":"SIMPLE ASSAULT","date_time":"2010-05-01 02:00:00","description":"BATTERY","case_number":"10-025886","address":"E 18th St & 4th Ave, Oakland, CA 94606, USA","zip_code":null,"beat":"17X","accuracy":"7"}}, 
        {"id":"178845","type":"Feature","geometry":{"type":"Point","coordinates":[-122.254314,37.80163]},"properties":{"crime_type":"THEFT","date_time":"2010-05-01 00:00:00","description":"THEFT","case_number":"10-027748","address":"1800 block of Lakeshore Ave, Oakland 94606","zip_code":null,"beat":"15X","accuracy":"6"}}, 
        {"id":"178843","type":"Feature","geometry":{"type":"Point","coordinates":[-122.239122,37.794382]},"properties":{"crime_type":"VANDALISM","date_time":"2010-05-01 00:00:00","description":"VANDALISM [UNDER $400]","case_number":"10-026094","address":"2100 block of 14th Ave, Oakland 94606","zip_code":null,"beat":"17Y","accuracy":"6"}}, 
        {"id":"176050","type":"Feature","geometry":{"type":"Point","coordinates":[-122.237971,37.797769]},"properties":{"crime_type":"ROBBERY","date_time":"2010-04-30 22:45:00","description":"ROBBERY-FIREARM","case_number":"10-025846","address":"2400 block of 12th Ave, Oakland 94606","zip_code":null,"beat":"17Y","accuracy":"6"}}, 
        {"id":"176039","type":"Feature","geometry":{"type":"Point","coordinates":[-122.251077,37.799445]},"properties":{"crime_type":"THEFT","date_time":"2010-04-30 15:00:00","description":"THEFT","case_number":"10-025785","address":"300 block of E 18th St, Oakland 94606","zip_code":null,"beat":"15X","accuracy":"6"}}, 
        {"id":"176038","type":"Feature","geometry":{"type":"Point","coordinates":[-122.24617,37.794569]},"properties":{"crime_type":"BURGLARY","date_time":"2010-04-30 14:00:00","description":"BURGLARY-NO FORCE","case_number":"10-025920","address":"1700 block of 10th Ave, Oakland 94606","zip_code":null,"beat":"17X","accuracy":"6"}}, 
        {"id":"176473","type":"Feature","geometry":{"type":"Point","coordinates":[-122.245612,37.800314]},"properties":{"crime_type":"BURGLARY","date_time":"2010-04-30 11:30:00","description":"BURGLARY-FORCIBLE ENTRY","case_number":"10-025789","address":"500 block of E 22nd St, Oakland 94606","zip_code":null,"beat":"17Y","accuracy":"6"}}, 
        {"id":"176136","type":"Feature","geometry":{"type":"Point","coordinates":[-122.241844,37.794018]},"properties":{"crime_type":"BURGLARY","date_time":"2010-04-30 09:45:00","description":"BURGLARY-NO FORCE","case_number":"10-025755","address":"1200 block of E 20th St, Oakland 94606","zip_code":null,"beat":"17X","accuracy":"6"}}, 
        {"id":"175768","type":"Feature","geometry":{"type":"Point","coordinates":[-122.245974,37.797688]},"properties":{"crime_type":"SIMPLE ASSAULT","date_time":"2010-04-30 08:15:00","description":"BATTERY","case_number":"10-025650","address":"700 block of E 20th St, Oakland 94606","zip_code":null,"beat":"17X","accuracy":"6"}}, 
        {"id":"176129","type":"Feature","geometry":{"type":"Point","coordinates":[-122.245001,37.795112]},"properties":{"crime_type":"BURGLARY","date_time":"2010-04-30 07:00:00","description":"BURGLARY-NO FORCE","case_number":"10-025728","address":"1800 block of 10th Ave, Oakland 94606","zip_code":null,"beat":"17X","accuracy":"6"}}, 
        {"id":"175767","type":"Feature","geometry":{"type":"Point","coordinates":[-122.240549,37.804881]},"properties":{"crime_type":"BURGLARY","date_time":"2010-04-30 06:45:00","description":"BURGLARY-NO FORCE","case_number":"10-025595","address":"800 block of Prospect Ave, Oakland 94610","zip_code":null,"beat":"15X","accuracy":"6"}}, 
        {"id":"176127","type":"Feature","geometry":{"type":"Point","coordinates":[-122.253549,37.795521]},"properties":{"crime_type":"AGGRAVATED ASSAULT","date_time":"2010-04-30 02:00:00","description":"SHOOT AT INHABITED DWELLING\/VEHICLE\/ETC","case_number":"10-025626","address":"500 block of International Blvd, Oakland 94606","zip_code":null,"beat":"19X","accuracy":"6"}}, 
        {"id":"175806","type":"Feature","geometry":{"type":"Point","coordinates":[-122.244512,37.793092]},"properties":{"crime_type":"ROBBERY","date_time":"2010-04-29 22:09:00","description":"ROBBERY-FIREARM","case_number":"10-025581-001","address":"1700 block of 12th Ave, Oakland 94606","zip_code":null,"beat":"17X","accuracy":"6"}}, 
        {"id":"175805","type":"Feature","geometry":{"type":"Point","coordinates":[-122.24455,37.79199]},"properties":{"crime_type":"ROBBERY","date_time":"2010-04-29 22:09:00","description":"ROBBERY-FIREARM","case_number":"10-025581","address":"1200 block of E 17th St, Oakland 94606","zip_code":null,"beat":"17X","accuracy":"6"}}, 
        {"id":"175661","type":"Feature","geometry":{"type":"Point","coordinates":[-122.234951,37.789098]},"properties":{"crime_type":"SIMPLE ASSAULT","date_time":"2010-04-29 15:00:00","description":"BATTERY:SPOUSE\/EX SPOUSE\/DATE\/ETC","case_number":"10-025535","address":"1900 block of 21st Ave, Oakland 94606","zip_code":null,"beat":"18X","accuracy":"6"}}, 
        {"id":"175649","type":"Feature","geometry":{"type":"Point","coordinates":[-122.236755,37.795115]},"properties":{"crime_type":"SIMPLE ASSAULT","date_time":"2010-04-29 11:15:00","description":"BATTERY:SPOUSE\/EX SPOUSE\/DATE\/ETC","case_number":"10-025507","address":"2300 block of 14th Ave, Oakland 94606","zip_code":null,"beat":"17Y","accuracy":"6"}}, 
        {"id":"175646","type":"Feature","geometry":{"type":"Point","coordinates":[-122.2469,37.796693]},"properties":{"crime_type":"SIMPLE ASSAULT","date_time":"2010-04-29 10:40:00","description":"BATTERY:SPOUSE\/EX SPOUSE\/DATE\/ETC","case_number":"10-025482","address":"1800 block of 8th Ave, Oakland 94606","zip_code":null,"beat":"17X","accuracy":"6"}}, 
        {"id":"177644","type":"Feature","geometry":{"type":"Point","coordinates":[-122.236037,37.789998]},"properties":{"crime_type":"VEHICLE THEFT","date_time":"2010-04-29 05:30:00","description":"VEHICLE THEFT - AUTO","case_number":"10-027013-001","address":"E 20th St & 20th Ave, Oakland, CA 94606, USA","zip_code":null,"beat":"18X","accuracy":"7"}}, 
        {"id":"179901","type":"Feature","geometry":{"type":"Point","coordinates":[-122.235811,37.805067]},"properties":{"crime_type":"VANDALISM","date_time":"2010-04-29 00:00:00","description":"VANDALISM","case_number":"10-030126","address":"1000 block of MacArthur Blvd, Oakland 94610","zip_code":null,"beat":"15X","accuracy":"6"}}, 
        {"id":"175711","type":"Feature","geometry":{"type":"Point","coordinates":[-122.247181,37.799199]},"properties":{"crime_type":"THEFT","date_time":"2010-04-28 21:45:00","description":"BURGLARY-AUTO","case_number":"10-025389","address":"500 block of E 20th St, Oakland 94606","zip_code":null,"beat":"17X","accuracy":"6"}}, 
        {"id":"175710","type":"Feature","geometry":{"type":"Point","coordinates":[-122.247181,37.799199]},"properties":{"crime_type":"THEFT","date_time":"2010-04-28 21:12:00","description":"BURGLARY-AUTO","case_number":"10-025389-001","address":"500 block of E 20th St, Oakland 94606","zip_code":null,"beat":"17X","accuracy":"6"}}, 
        {"id":"176624","type":"Feature","geometry":{"type":"Point","coordinates":[-122.248583,37.802841]},"properties":{"crime_type":"THEFT","date_time":"2010-04-28 17:00:00","description":"GRAND THEFT:MONEY\/LABOR\/PROPERTY  OVER $400","case_number":"10-026521","address":"300 block of Newton Ave, Oakland 94606","zip_code":null,"beat":"15X","accuracy":"6"}}, 
        {"id":"175542","type":"Feature","geometry":{"type":"Point","coordinates":[-122.250626,37.792933]},"properties":{"crime_type":"NARCOTICS","date_time":"2010-04-28 01:16:00","description":"POSSESS CONTROLLED SUBSTANCE PARAPHERNALIA","case_number":"10-025219","address":"800 block of International Blvd, Oakland 94606","zip_code":null,"beat":"19X","accuracy":"6"}}, 
        {"id":"175541","type":"Feature","geometry":{"type":"Point","coordinates":[-122.250626,37.792933]},"properties":{"crime_type":"NARCOTICS","date_time":"2010-04-28 01:16:00","description":"POSSESS CONTROLLED SUBSTANCE","case_number":"10-025219","address":"800 block of International Blvd, Oakland 94606","zip_code":null,"beat":"19X","accuracy":"6"}}, 
        {"id":"175428","type":"Feature","geometry":{"type":"Point","coordinates":[-122.24366,37.792683]},"properties":{"crime_type":"NARCOTICS","date_time":"2010-04-27 23:52:00","description":"POSSESS CONTROLLED SUBSTANCE PARAPHERNALIA","case_number":"10-025025","address":"1200 block of E 18th St, Oakland 94606","zip_code":null,"beat":"17X","accuracy":"6"}}, 
        {"id":"175427","type":"Feature","geometry":{"type":"Point","coordinates":[-122.24366,37.792683]},"properties":{"crime_type":"NARCOTICS","date_time":"2010-04-27 23:52:00","description":"POSSESS HYPODERMIC NEEDLE\/SYRINGE","case_number":"10-025025","address":"1200 block of E 18th St, Oakland 94606","zip_code":null,"beat":"17X","accuracy":"6"}}, 
        {"id":"175426","type":"Feature","geometry":{"type":"Point","coordinates":[-122.24366,37.792683]},"properties":{"crime_type":"NARCOTICS","date_time":"2010-04-27 23:52:00","description":"POSSESS NARCOTIC CONTROLLED SUBSTANCE","case_number":"10-025025","address":"1200 block of E 18th St, Oakland 94606","zip_code":null,"beat":"17X","accuracy":"6"}}, 
        {"id":"175613","type":"Feature","geometry":{"type":"Point","coordinates":[-122.255229,37.792515]},"properties":{"crime_type":"SIMPLE ASSAULT","date_time":"2010-04-27 22:00:00","description":"BATTERY:SPOUSE\/EX SPOUSE\/DATE\/ETC","case_number":"10-025201","address":"600 block of E 10th St, Oakland 94606","zip_code":null,"beat":"19X","accuracy":"6"}}, 
        {"id":"175727","type":"Feature","geometry":{"type":"Point","coordinates":[-122.245392,37.789076]},"properties":{"crime_type":"SIMPLE ASSAULT","date_time":"2010-04-27 19:20:00","description":"OBSTRUCTS\/RESISTS PUBLIC OFFICER\/ETC","case_number":"10-025180-005","address":"1400 block of International Blvd, Oakland 94606","zip_code":null,"beat":"19X","accuracy":"6"}}, 
        {"id":"175601","type":"Feature","geometry":{"type":"Point","coordinates":[-122.244526,37.788567]},"properties":{"crime_type":"SIMPLE ASSAULT","date_time":"2010-04-27 19:20:00","description":"OBSTRUCTS\/RESISTS PUBLIC OFFICER\/ETC","case_number":"10-025180-004","address":"1500 block of International Blvd, Oakland 94606","zip_code":null,"beat":"19X","accuracy":"6"}}, 
        {"id":"175600","type":"Feature","geometry":{"type":"Point","coordinates":[-122.245392,37.789076]},"properties":{"crime_type":"AGGRAVATED ASSAULT","date_time":"2010-04-27 19:19:00","description":"BATTERY ON PEACE OFFICER\/EMERGENCY PERSONNEL\/ETC","case_number":"10-025180-001","address":"1400 block of International Blvd, Oakland 94606","zip_code":null,"beat":"19X","accuracy":"6"}}, 
        {"id":"175599","type":"Feature","geometry":{"type":"Point","coordinates":[-122.245392,37.789076]},"properties":{"crime_type":"AGGRAVATED ASSAULT","date_time":"2010-04-27 19:19:00","description":"BATTERY ON PEACE OFFICER\/EMERGENCY PERSONNEL\/ETC","case_number":"10-025180-002","address":"1400 block of International Blvd, Oakland 94606","zip_code":null,"beat":"19X","accuracy":"6"}}, 
        {"id":"175598","type":"Feature","geometry":{"type":"Point","coordinates":[-122.244526,37.788567]},"properties":{"crime_type":"AGGRAVATED ASSAULT","date_time":"2010-04-27 19:19:00","description":"BATTERY ON PEACE OFFICER\/EMERGENCY PERSONNEL\/ETC","case_number":"10-025180-003","address":"1500 block of International Blvd, Oakland 94606","zip_code":null,"beat":"19X","accuracy":"6"}}, 
        {"id":"175592","type":"Feature","geometry":{"type":"Point","coordinates":[-122.246889,37.798471]},"properties":{"crime_type":"NARCOTICS","date_time":"2010-04-27 18:15:00","description":"PLANT\/CULTIVATE\/ETC MARIJUANA\/HASHISH","case_number":"10-025168","address":"600 block of E 20th St, Oakland 94606","zip_code":null,"beat":"17X","accuracy":"6"}}, 
        {"id":"175574","type":"Feature","geometry":{"type":"Point","coordinates":[-122.241176,37.803732]},"properties":{"crime_type":"VEHICLE THEFT","date_time":"2010-04-27 12:30:00","description":"VEHICLE THEFT - AUTO","case_number":"10-006635-001","address":"800 block of Cleveland St, Oakland 94610","zip_code":null,"beat":"15X","accuracy":"6"}}, 
        {"id":"176184","type":"Feature","geometry":{"type":"Point","coordinates":[-122.252537,37.800269]},"properties":{"crime_type":"THEFT","date_time":"2010-04-27 11:54:00","description":"THFT\/PTY THFT W\/PRIOR","case_number":"10-025103","address":"200 block of E 18th St, Oakland 94606","zip_code":null,"beat":"15X","accuracy":"6"}}, 
        {"id":"179905","type":"Feature","geometry":{"type":"Point","coordinates":[-122.236964,37.794099]},"properties":{"crime_type":"DISTURBING THE PEACE","date_time":"2010-04-27 09:00:00","description":"ANNOYING TELEPHONE CALL:OBSCENE\/THREATENING","case_number":"10-030147","address":"2200 block of 17th Ave, Oakland 94606","zip_code":null,"beat":"18Y","accuracy":"6"}}, 
        {"id":"175567","type":"Feature","geometry":{"type":"Point","coordinates":[-122.240752,37.795985]},"properties":{"crime_type":"BURGLARY","date_time":"2010-04-27 08:45:00","description":"BURGLARY-FORCIBLE ENTRY","case_number":"10-025202","address":"1100 block of E 22nd St, Oakland 94606","zip_code":null,"beat":"17Y","accuracy":"6"}}, 
        {"id":"175566","type":"Feature","geometry":{"type":"Point","coordinates":[-122.25004,37.799548]},"properties":{"crime_type":"BURGLARY","date_time":"2010-04-27 02:40:00","description":"ATTEMPTED BURGLARY","case_number":"10-025161","address":"1800 block of Park Blvd, Oakland 94606","zip_code":null,"beat":"17X","accuracy":"6"}}, 
        {"id":"175466","type":"Feature","geometry":{"type":"Point","coordinates":[-122.251266,37.797934]},"properties":{"crime_type":"VANDALISM","date_time":"2010-04-26 22:45:00","description":"VANDALISM","case_number":"10-025139","address":"400 block of E 17th St, Oakland 94606","zip_code":null,"beat":"17X","accuracy":"6"}}, 
        {"id":"175460","type":"Feature","geometry":{"type":"Point","coordinates":[-122.24082,37.794402]},"properties":{"crime_type":"VEHICLE THEFT","date_time":"2010-04-26 21:27:00","description":"VEHICLE THEFT - AUTO","case_number":"10-022849-001","address":"2000 block of 13th Ave, Oakland 94606","zip_code":null,"beat":"17X","accuracy":"6"}}, 
        {"id":"175455","type":"Feature","geometry":{"type":"Point","coordinates":[-122.235107,37.789476]},"properties":{"crime_type":"VEHICLE THEFT","date_time":"2010-04-26 19:19:00","description":"VEHICLE THEFT - AUTO","case_number":"10-020337-001","address":"2000 block of E 20th St, Oakland 94606","zip_code":null,"beat":"18X","accuracy":"6"}}, 
        {"id":"175432","type":"Feature","geometry":{"type":"Point","coordinates":[-122.236474,37.803142]},"properties":{"crime_type":"VEHICLE THEFT","date_time":"2010-04-26 07:00:00","description":"VEHICLE THEFT - AUTO","case_number":"10-024812","address":"3100 block of Park Blvd, Oakland 94610","zip_code":null,"beat":"17Y","accuracy":"6"}}, 
        {"id":"175311","type":"Feature","geometry":{"type":"Point","coordinates":[-122.253839,37.79575]},"properties":{"crime_type":"PROSTITUTION","date_time":"2010-04-25 21:16:00","description":"LOITER:INTENT:PROSTITUTION","case_number":"10-024733","address":"International Blvd & 5th Ave, Oakland, CA 94606, USA","zip_code":null,"beat":"19X","accuracy":"7"}}, 
        {"id":"176870","type":"Feature","geometry":{"type":"Point","coordinates":[-122.244638,37.804766]},"properties":{"crime_type":"VANDALISM","date_time":"2010-04-25 11:30:00","description":"VANDALISM","case_number":"10-901942","address":"500 block of Athol Ave, Oakland 94606","zip_code":null,"beat":"15X","accuracy":"6"}}, 
        {"id":"177651","type":"Feature","geometry":{"type":"Point","coordinates":[-122.252095,37.794585]},"properties":{"crime_type":"ROBBERY","date_time":"2010-04-25 09:00:00","description":"ROBBERY-OTHER DANGEROUS WEAPON","case_number":"10-025179","address":"600 block of International Blvd, Oakland 94606","zip_code":null,"beat":"19X","accuracy":"6"}}, 
        {"id":"174963","type":"Feature","geometry":{"type":"Point","coordinates":[-122.253489,37.793334]},"properties":{"crime_type":"SIMPLE ASSAULT","date_time":"2010-04-24 23:59:00","description":"BATTERY:SPOUSE\/EX SPOUSE\/DATE\/ETC","case_number":"10-024569","address":"1100 block of 7th Ave, Oakland 94606","zip_code":null,"beat":"19X","accuracy":"6"}}, 
        {"id":"174957","type":"Feature","geometry":{"type":"Point","coordinates":[-122.252081,37.797176]},"properties":{"crime_type":"VEHICLE THEFT","date_time":"2010-04-24 22:22:00","description":"VEHICLE THEFT - AUTO","case_number":"10-024113-001","address":"400 block of Foothill Blvd, Oakland 94606","zip_code":null,"beat":"17X","accuracy":"6"}}, 
        {"id":"175741","type":"Feature","geometry":{"type":"Point","coordinates":[-122.236861,37.794865]},"properties":{"crime_type":"VANDALISM","date_time":"2010-04-24 17:00:00","description":"VANDALISM $400 OR MORE","case_number":"10-025337","address":"1400 block of Comstock Way, Oakland 94606","zip_code":null,"beat":"18Y","accuracy":"6"}}, 
        {"id":"175740","type":"Feature","geometry":{"type":"Point","coordinates":[-122.236861,37.794865]},"properties":{"crime_type":"BURGLARY","date_time":"2010-04-24 17:00:00","description":"BURGLARY-FORCIBLE ENTRY","case_number":"10-025337","address":"1400 block of Comstock Way, Oakland 94606","zip_code":null,"beat":"18Y","accuracy":"6"}}, 
        {"id":"178888","type":"Feature","geometry":{"type":"Point","coordinates":[-122.246771,37.803982]},"properties":{"crime_type":"THEFT","date_time":"2010-04-24 14:25:00","description":"BURGLARY-AUTO","case_number":"10-902379","address":"600 block of Brooklyn Ave, Oakland 94606","zip_code":null,"beat":"15X","accuracy":"6"}}, 
        {"id":"176883","type":"Feature","geometry":{"type":"Point","coordinates":[-122.250883,37.792542]},"properties":{"crime_type":"VEHICLE THEFT","date_time":"2010-04-24 09:41:00","description":"VEHICLE THEFT - AUTO","case_number":"10-024367","address":"1200 block of 9th Ave, Oakland 94606","zip_code":null,"beat":"19X","accuracy":"6"}}, 
        {"id":"174987","type":"Feature","geometry":{"type":"Point","coordinates":[-122.249446,37.799272]},"properties":{"crime_type":"SIMPLE ASSAULT","date_time":"2010-04-23 07:00:00","description":"BATTERY:SPOUSE\/EX SPOUSE\/DATE\/ETC","case_number":"10-024098-001","address":"400 block of E 19th St, Oakland 94606","zip_code":null,"beat":"17X","accuracy":"6"}}, 
        {"id":"175128","type":"Feature","geometry":{"type":"Point","coordinates":[-122.250959,37.791163]},"properties":{"crime_type":"SIMPLE ASSAULT","date_time":"2010-04-22 19:09:00","description":"OBSTRUCT\/RESIST\/ETC PUBLIC\/PEACE OFFICER\/EMERGENCY MED TECH","case_number":"10-024033","address":"1100 block of 10th Ave, Oakland 94606","zip_code":null,"beat":"19X","accuracy":"6"}}, 
        {"id":"175389","type":"Feature","geometry":{"type":"Point","coordinates":[-122.237594,37.799351]},"properties":{"crime_type":"BURGLARY","date_time":"2010-04-22 18:00:00","description":"BURGLARY-FORCIBLE ENTRY","case_number":"10-024422","address":"2600 block of 11th Ave, Oakland 94606","zip_code":null,"beat":"17Y","accuracy":"6"}}, 
        {"id":"175117","type":"Feature","geometry":{"type":"Point","coordinates":[-122.243,37.792119]},"properties":{"crime_type":"VEHICLE THEFT","date_time":"2010-04-22 18:00:00","description":"VEHICLE THEFT - AUTO","case_number":"10-024054","address":"1300 block of E 18th St, Oakland 94606","zip_code":null,"beat":"17X","accuracy":"6"}}, 
        {"id":"175104","type":"Feature","geometry":{"type":"Point","coordinates":[-122.251784,37.793215]},"properties":{"crime_type":"VEHICLE THEFT","date_time":"2010-04-22 15:00:00","description":"VEHICLE THEFT - AUTO","case_number":"10-024139","address":"1200 block of 8th Ave, Oakland 94606","zip_code":null,"beat":"19X","accuracy":"6"}}, 
        {"id":"175068","type":"Feature","geometry":{"type":"Point","coordinates":[-122.250529,37.792818]},"properties":{"crime_type":"PROSTITUTION","date_time":"2010-04-22 07:38:00","description":"LOITER:INTENT:PROSTITUTION","case_number":"10-023864","address":"International Blvd & 9th Ave, Oakland, CA 94606, USA","zip_code":null,"beat":"19X","accuracy":"7"}}, 
        {"id":"175184","type":"Feature","geometry":{"type":"Point","coordinates":[-122.250496,37.796777]},"properties":{"crime_type":"VANDALISM","date_time":"2010-04-21 17:45:00","description":"VANDALISM [UNDER $1,000] (AMENDED)","case_number":"10-023776","address":"1600 block of 6th Ave, Oakland 94606","zip_code":null,"beat":"17X","accuracy":"6"}}, 
        {"id":"175175","type":"Feature","geometry":{"type":"Point","coordinates":[-122.253913,37.794663]},"properties":{"crime_type":"BURGLARY","date_time":"2010-04-21 13:35:00","description":"BURGLARY-NO FORCE","case_number":"10-023753","address":"500 block of E 12th St, Oakland 94606","zip_code":null,"beat":"19X","accuracy":"6"}}, 
        {"id":"175161","type":"Feature","geometry":{"type":"Point","coordinates":[-122.246674,37.800826]},"properties":{"crime_type":"BURGLARY","date_time":"2010-04-21 08:00:00","description":"BURGLARY-FORCIBLE ENTRY","case_number":"10-023835","address":"2100 block of 5th Ave, Oakland 94606","zip_code":null,"beat":"17Y","accuracy":"6"}}, 
        {"id":"175153","type":"Feature","geometry":{"type":"Point","coordinates":[-122.241673,37.795112]},"properties":{"crime_type":"BURGLARY","date_time":"2010-04-21 03:00:00","description":"BURGLARY-FORCIBLE ENTRY","case_number":"10-023768","address":"2000 block of 12th Ave, Oakland 94606","zip_code":null,"beat":"17X","accuracy":"6"}}, 
        {"id":"177653","type":"Feature","geometry":{"type":"Point","coordinates":[-122.234866,37.792841]},"properties":{"crime_type":"VANDALISM","date_time":"2010-04-21 00:00:00","description":"BUY\/SELL\/POSSESS VEHICLE WITH ALTERED NUMBER","case_number":"10-023677","address":"2200 block of 19th Ave, Oakland 94606","zip_code":null,"beat":"18Y","accuracy":"6"}}, 
        {"id":"174816","type":"Feature","geometry":{"type":"Point","coordinates":[-122.238618,37.794168]},"properties":{"crime_type":"BURGLARY","date_time":"2010-04-20 20:00:00","description":"BURGLARY-FORCIBLE ENTRY","case_number":"10-023085-001","address":"1400 block of E 22nd St, Oakland 94606","zip_code":null,"beat":"18Y","accuracy":"6"}}, 
        {"id":"174798","type":"Feature","geometry":{"type":"Point","coordinates":[-122.247476,37.800259]},"properties":{"crime_type":"BURGLARY","date_time":"2010-04-20 16:10:00","description":"BURGLARY-NO FORCE","case_number":"10-023584","address":"2000 block of 5th Ave, Oakland 94606","zip_code":null,"beat":"17X","accuracy":"6"}}, 
        {"id":"180961","type":"Feature","geometry":{"type":"Point","coordinates":[-122.238371,37.7901]},"properties":{"crime_type":"BURGLARY","date_time":"2010-04-20 12:00:00","description":"BURGLARY-FORCIBLE ENTRY","case_number":"10-031349","address":"1800 block of E 19th St, Oakland 94606","zip_code":null,"beat":"18X","accuracy":"6"}}, 
        {"id":"174625","type":"Feature","geometry":{"type":"Point","coordinates":[-122.240549,37.804881]},"properties":{"crime_type":"BURGLARY","date_time":"2010-04-20 09:50:00","description":"BURGLARY-FORCIBLE ENTRY","case_number":"10-023440","address":"800 block of Prospect Ave, Oakland 94610","zip_code":null,"beat":"15X","accuracy":"6"}}, 
        {"id":"174783","type":"Feature","geometry":{"type":"Point","coordinates":[-122.251085,37.803658]},"properties":{"crime_type":"VEHICLE THEFT","date_time":"2010-04-20 07:45:00","description":"VEHICLE THEFT - AUTO","case_number":"10-023681","address":"400 block of Wayne Ave, Oakland 94606","zip_code":null,"beat":"15X","accuracy":"6"}}, 
        {"id":"175219","type":"Feature","geometry":{"type":"Point","coordinates":[-122.250181,37.802621]},"properties":{"crime_type":"THEFT","date_time":"2010-04-20 06:00:00","description":"BURGLARY-AUTO","case_number":"10-901790","address":"300 block of Hanover Ave, Oakland 94606","zip_code":null,"beat":"15X","accuracy":"6"}}, 
        {"id":"174606","type":"Feature","geometry":{"type":"Point","coordinates":[-122.254838,37.797676]},"properties":{"crime_type":"DISTURBING THE PEACE","date_time":"2010-04-20 00:00:00","description":"DISTURB THE PEACE","case_number":"10-023506","address":"1400 block of 3rd Ave, Oakland 94606","zip_code":null,"beat":"19X","accuracy":"6"}}, 
        {"id":"174691","type":"Feature","geometry":{"type":"Point","coordinates":[-122.249318,37.796609]},"properties":{"crime_type":"AGGRAVATED ASSAULT","date_time":"2010-04-19 20:50:00","description":"INFLICT CORPORAL INJURY ON SPOUSE\/COHABITANT","case_number":"10-023339","address":"600 block of E 17th St, Oakland 94606","zip_code":null,"beat":"17X","accuracy":"6"}}, 
        {"id":"174684","type":"Feature","geometry":{"type":"Point","coordinates":[-122.242406,37.79724]},"properties":{"crime_type":"VEHICLE THEFT","date_time":"2010-04-19 20:20:00","description":"VEHICLE THEFT - AUTO","case_number":"10-023066-001","address":"2100 block of 10th Ave, Oakland 94606","zip_code":null,"beat":"17Y","accuracy":"6"}}, 
        {"id":"174673","type":"Feature","geometry":{"type":"Point","coordinates":[-122.24513,37.796928]},"properties":{"crime_type":"SIMPLE ASSAULT","date_time":"2010-04-19 18:20:00","description":"BATTERY:SPOUSE\/EX SPOUSE\/DATE\/ETC","case_number":"10-023311","address":"800 block of E 20th St, Oakland 94606","zip_code":null,"beat":"17X","accuracy":"6"}}, 
        {"id":"174832","type":"Feature","geometry":{"type":"Point","coordinates":[-122.246817,37.796955]},"properties":{"crime_type":"VEHICLE THEFT","date_time":"2010-04-19 16:00:00","description":"VEHICLE THEFT - AUTO","case_number":"10-023540","address":"700 block of E 19th St, Oakland 94606","zip_code":null,"beat":"17X","accuracy":"6"}}, 
        {"id":"174655","type":"Feature","geometry":{"type":"Point","coordinates":[-122.235002,37.791158]},"properties":{"crime_type":"DISTURBING THE PEACE","date_time":"2010-04-19 12:00:00","description":"FIGHT\/CHALLENGE IN PUBLIC PLACE","case_number":"10-019300-001","address":"1900 block of E 21st St, Oakland 94606","zip_code":null,"beat":"18X","accuracy":"6"}}, 
        {"id":"174645","type":"Feature","geometry":{"type":"Point","coordinates":[-122.235163,37.793277]},"properties":{"crime_type":"BURGLARY","date_time":"2010-04-19 09:00:00","description":"BURGLARY-FORCIBLE ENTRY","case_number":"10-023285","address":"1800 block of E 23rd St, Oakland 94606","zip_code":null,"beat":"18Y","accuracy":"6"}}, 
        {"id":"174632","type":"Feature","geometry":{"type":"Point","coordinates":[-122.24774,37.79742]},"properties":{"crime_type":"SIMPLE ASSAULT","date_time":"2010-04-19 00:00:00","description":"BATTERY:SPOUSE\/EX SPOUSE\/DATE\/ETC","case_number":"10-023452","address":"1800 block of 7th Ave, Oakland 94606","zip_code":null,"beat":"","accuracy":"6"}}, 
        {"id":"174473","type":"Feature","geometry":{"type":"Point","coordinates":[-122.253549,37.795521]},"properties":{"crime_type":"ROBBERY","date_time":"2010-04-18 21:55:00","description":"ROBBERY-KNIFE OR CUTTING INSTRUMENT","case_number":"10-023128","address":"500 block of International Blvd, Oakland 94606","zip_code":null,"beat":"19X","accuracy":"6"}}, 
        {"id":"174471","type":"Feature","geometry":{"type":"Point","coordinates":[-122.252095,37.794585]},"properties":{"crime_type":"PROSTITUTION","date_time":"2010-04-18 21:25:00","description":"LOITER:INTENT:PROSTITUTION","case_number":"10-023123","address":"600 block of International Blvd, Oakland 94606","zip_code":null,"beat":"19X","accuracy":"6"}}, 
        {"id":"174841","type":"Feature","geometry":{"type":"Point","coordinates":[-122.238244,37.791995]},"properties":{"crime_type":"SIMPLE ASSAULT","date_time":"2010-04-18 20:45:00","description":"BATTERY:SPOUSE\/EX SPOUSE\/DATE\/ETC","case_number":"10-023636","address":"1700 block of San Antonio Way, Oakland 94606","zip_code":null,"beat":"18X","accuracy":"6"}}, 
        {"id":"176949","type":"Feature","geometry":{"type":"Point","coordinates":[-122.234037,37.793756]},"properties":{"crime_type":"THEFT","date_time":"2010-04-17 20:30:00","description":"GRAND THEFT","case_number":"10-902150","address":"E 24th St & 19th Ave, Oakland, CA 94606, USA","zip_code":null,"beat":"18Y","accuracy":"7"}}, 
        {"id":"174726","type":"Feature","geometry":{"type":"Point","coordinates":[-122.241116,37.800641]},"properties":{"crime_type":"VEHICLE THEFT","date_time":"2010-04-17 18:00:00","description":"VEHICLE THEFT - AUTO","case_number":"10-023066","address":"2400 block of 8th Ave, Oakland 94606","zip_code":null,"beat":"17Y","accuracy":"6"}}, 
        {"id":"174520","type":"Feature","geometry":{"type":"Point","coordinates":[-122.248532,37.795301]},"properties":{"crime_type":"AGGRAVATED ASSAULT","date_time":"2010-04-17 14:40:00","description":"FORCE\/ADW-OTHER DANGEROUS WEAPON:GBI","case_number":"10-022915","address":"1600 block of 8th Ave, Oakland 94606","zip_code":null,"beat":"17X","accuracy":"6"}}, 
        {"id":"174519","type":"Feature","geometry":{"type":"Point","coordinates":[-122.248532,37.795301]},"properties":{"crime_type":"AGGRAVATED ASSAULT","date_time":"2010-04-17 14:40:00","description":"INFLICT CORPORAL INJURY ON SPOUSE\/COHABITANT","case_number":"10-022915","address":"1600 block of 8th Ave, Oakland 94606","zip_code":null,"beat":"17X","accuracy":"6"}}, 
        {"id":"176944","type":"Feature","geometry":{"type":"Point","coordinates":[-122.247698,37.798808]},"properties":{"crime_type":"THEFT","date_time":"2010-04-17 13:00:00","description":"THEFT:PERSONAL PROPERTY","case_number":"10-026488","address":"1900 block of 6th Ave, Oakland 94606","zip_code":null,"beat":"17X","accuracy":"6"}}, 
        {"id":"176943","type":"Feature","geometry":{"type":"Point","coordinates":[-122.242054,37.789717]},"properties":{"crime_type":"THEFT","date_time":"2010-04-17 10:30:00","description":"THEFT","case_number":"10-901915","address":"1600 block of Foothill Blvd, Oakland 94606","zip_code":null,"beat":"18X","accuracy":"6"}}, 
        {"id":"174478","type":"Feature","geometry":{"type":"Point","coordinates":[-122.236474,37.803142]},"properties":{"crime_type":"SIMPLE ASSAULT","date_time":"2010-04-17 00:00:00","description":"CRIMINAL THREATS  THREATED CRIME W\/INTENT TO TERRORIZE","case_number":"10-023266","address":"3100 block of Park Blvd, Oakland 94610","zip_code":null,"beat":"15X","accuracy":"6"}}, 
        {"id":"174327","type":"Feature","geometry":{"type":"Point","coordinates":[-122.246008,37.793079]},"properties":{"crime_type":"BURGLARY","date_time":"2010-04-16 21:40:00","description":"BURGLARY-NO FORCE","case_number":"10-023110","address":"1600 block of 11th Ave, Oakland 94606","zip_code":null,"beat":"17X","accuracy":"6"}}, 
        {"id":"174235","type":"Feature","geometry":{"type":"Point","coordinates":[-122.249532,37.801852]},"properties":{"crime_type":"SIMPLE ASSAULT","date_time":"2010-04-16 18:45:00","description":"BATTERY:SPOUSE\/EX SPOUSE\/DATE\/ETC","case_number":"10-022728","address":"300 block of Lester Ave, Oakland 94606","zip_code":null,"beat":"15X","accuracy":"6"}}, 
        {"id":"174320","type":"Feature","geometry":{"type":"Point","coordinates":[-122.250626,37.792933]},"properties":{"crime_type":"NARCOTICS","date_time":"2010-04-16 16:51:00","description":"POSSESS NARCOTIC CONTROLLED SUBSTANCE","case_number":"10-022704","address":"800 block of International Blvd, Oakland 94606","zip_code":null,"beat":"19X","accuracy":"6"}}, 
        {"id":"174312","type":"Feature","geometry":{"type":"Point","coordinates":[-122.236465,37.791624]},"properties":{"crime_type":"BURGLARY","date_time":"2010-04-16 08:00:00","description":"BURGLARY-FORCIBLE ENTRY","case_number":"10-022720","address":"1800 block of E 21st St, Oakland 94606","zip_code":null,"beat":"18Y","accuracy":"6"}}, 
        {"id":"173812","type":"Feature","geometry":{"type":"Point","coordinates":[-122.235532,37.802703]},"properties":{"crime_type":"THEFT","date_time":"2010-04-16 07:45:00","description":"THEFT","case_number":"10-022566","address":"1000 block of E 33rd St, Oakland 94610","zip_code":null,"beat":"17Y","accuracy":"6"}}, 
        {"id":"181972","type":"Feature","geometry":{"type":"Point","coordinates":[-122.238021,37.802447]},"properties":{"crime_type":"THEFT","date_time":"2010-04-16 00:00:00","description":"BURGLARY-AUTO","case_number":"10-033527","address":"800 block of E 28th St, Oakland 94606","zip_code":null,"beat":"17Y","accuracy":"6"}}, 
        {"id":"173884","type":"Feature","geometry":{"type":"Point","coordinates":[-122.252537,37.800269]},"properties":{"crime_type":"VEHICLE THEFT","date_time":"2010-04-15 23:00:00","description":"VEHICLE THEFT - AUTO","case_number":"10-022530","address":"200 block of E 18th St, Oakland 94606","zip_code":null,"beat":"15X","accuracy":"6"}}, 
        {"id":"174600","type":"Feature","geometry":{"type":"Point","coordinates":[-122.235163,37.793277]},"properties":{"crime_type":"VEHICLE THEFT","date_time":"2010-04-15 22:08:00","description":"VEHICLE THEFT - AUTO","case_number":"10-022854-001","address":"1800 block of E 23rd St, Oakland 94606","zip_code":null,"beat":"18Y","accuracy":"6"}}, 
        {"id":"174341","type":"Feature","geometry":{"type":"Point","coordinates":[-122.254282,37.794077]},"properties":{"crime_type":"VEHICLE THEFT","date_time":"2010-04-15 21:00:00","description":"ATTEMPT VEHICLE THEFT-AUTO","case_number":"10-022675","address":"1100 block of 6th Ave, Oakland 94606","zip_code":null,"beat":"19X","accuracy":"6"}}, 
        {"id":"174253","type":"Feature","geometry":{"type":"Point","coordinates":[-122.254282,37.794077]},"properties":{"crime_type":"VEHICLE THEFT","date_time":"2010-04-15 21:00:00","description":"VEHICLE THEFT - AUTO","case_number":"10-022670","address":"1100 block of 6th Ave, Oakland 94606","zip_code":null,"beat":"19X","accuracy":"6"}}, 
        {"id":"174595","type":"Feature","geometry":{"type":"Point","coordinates":[-122.244245,37.79764]},"properties":{"crime_type":"VEHICLE THEFT","date_time":"2010-04-15 10:15:00","description":"VEHICLE THEFT - AUTO","case_number":"10-022850","address":"800 block of E 21st St, Oakland 94606","zip_code":null,"beat":"17Y","accuracy":"6"}}, 
        {"id":"173655","type":"Feature","geometry":{"type":"Point","coordinates":[-122.242573,37.795806]},"properties":{"crime_type":"ROBBERY","date_time":"2010-04-15 08:41:00","description":"ROBBERY - STRONG ARM (HANDS, FISTS, FEET, ETC.)","case_number":"10-019373-001","address":"2000 block of 11th Ave, Oakland 94606","zip_code":null,"beat":"17X","accuracy":"6"}}, 
        {"id":"175901","type":"Feature","geometry":{"type":"Point","coordinates":[-122.236294,37.801032]},"properties":{"crime_type":"BURGLARY","date_time":"2010-04-15 08:00:00","description":"BURGLARY-FORCIBLE ENTRY","case_number":"10-024136","address":"1000 block of Bella Vista Ave, Oakland 94610","zip_code":null,"beat":"17Y","accuracy":"6"}}, 
        {"id":"173653","type":"Feature","geometry":{"type":"Point","coordinates":[-122.251217,37.797589]},"properties":{"crime_type":"VANDALISM","date_time":"2010-04-15 07:30:00","description":"VANDALISM","case_number":"10-022304","address":"1600 block of 5th Ave, Oakland 94606","zip_code":null,"beat":"17X","accuracy":"6"}}, 
        {"id":"173652","type":"Feature","geometry":{"type":"Point","coordinates":[-122.251217,37.797589]},"properties":{"crime_type":"SIMPLE ASSAULT","date_time":"2010-04-15 07:30:00","description":"BATTERY","case_number":"10-022304","address":"1600 block of 5th Ave, Oakland 94606","zip_code":null,"beat":"17X","accuracy":"6"}}, 
        {"id":"173651","type":"Feature","geometry":{"type":"Point","coordinates":[-122.251217,37.797589]},"properties":{"crime_type":"ALCOHOL","date_time":"2010-04-15 07:30:00","description":"DISORDERLY CONDUCT - ALCOHOL","case_number":"10-022304","address":"1600 block of 5th Ave, Oakland 94606","zip_code":null,"beat":"17X","accuracy":"6"}}, 
        {"id":"174336","type":"Feature","geometry":{"type":"Point","coordinates":[-122.245606,37.801599]},"properties":{"crime_type":"THEFT","date_time":"2010-04-15 03:00:00","description":"BURGLARY-AUTO","case_number":"10-901764","address":"Park Blvd & 5th Ave, Oakland, CA 94606, USA","zip_code":null,"beat":"17Y","accuracy":"7"}}, 
        {"id":"173906","type":"Feature","geometry":{"type":"Point","coordinates":[-122.236176,37.795031]},"properties":{"crime_type":"VEHICLE THEFT","date_time":"2010-04-14 21:30:00","description":"VEHICLE THEFT - AUTO","case_number":"10-022334","address":"1700 block of E 24th St, Oakland 94606","zip_code":null,"beat":"18Y","accuracy":"6"}}, 
        {"id":"173899","type":"Feature","geometry":{"type":"Point","coordinates":[-122.250528,37.795804]},"properties":{"crime_type":"BURGLARY","date_time":"2010-04-14 21:00:00","description":"BURGLARY-FORCIBLE ENTRY","case_number":"10-022369","address":"600 block of Foothill Blvd, Oakland 94606","zip_code":null,"beat":"19X","accuracy":"6"}}, 
        {"id":"173894","type":"Feature","geometry":{"type":"Point","coordinates":[-122.244245,37.79764]},"properties":{"crime_type":"BURGLARY","date_time":"2010-04-14 17:30:00","description":"ATTEMPTED BURGLARY","case_number":"10-022441","address":"800 block of E 21st St, Oakland 94606","zip_code":null,"beat":"17X","accuracy":"6"}}, 
        {"id":"173362","type":"Feature","geometry":{"type":"Point","coordinates":[-122.245392,37.789076]},"properties":{"crime_type":"NARCOTICS","date_time":"2010-04-13 20:08:00","description":"POSSESS MARIJUANA\/HASHISH FOR SALE","case_number":"10-022013","address":"1400 block of International Blvd, Oakland 94606","zip_code":null,"beat":"19X","accuracy":"6"}}, 
        {"id":"173361","type":"Feature","geometry":{"type":"Point","coordinates":[-122.245392,37.789076]},"properties":{"crime_type":"NARCOTICS","date_time":"2010-04-13 20:08:00","description":"POSSESS CONTROLLED SUBSTANCE PARAPHERNALIA","case_number":"10-022013","address":"1400 block of International Blvd, Oakland 94606","zip_code":null,"beat":"19X","accuracy":"6"}}, 
        {"id":"173360","type":"Feature","geometry":{"type":"Point","coordinates":[-122.245392,37.789076]},"properties":{"crime_type":"NARCOTICS","date_time":"2010-04-13 20:08:00","description":"POSSESS NARCOTIC CONTROLLED SUBSTANCE","case_number":"10-022013","address":"1400 block of International Blvd, Oakland 94606","zip_code":null,"beat":"19X","accuracy":"6"}}, 
        {"id":"173357","type":"Feature","geometry":{"type":"Point","coordinates":[-122.249482,37.797824]},"properties":{"crime_type":"NARCOTICS","date_time":"2010-04-13 14:55:00","description":"POSSESS MARIJUANA\/HASHISH FOR SALE","case_number":"10-021953","address":"500 block of E 18th St, Oakland 94606","zip_code":null,"beat":"17X","accuracy":"6"}}, 
        {"id":"173377","type":"Feature","geometry":{"type":"Point","coordinates":[-122.247366,37.800899]},"properties":{"crime_type":"SIMPLE ASSAULT","date_time":"2010-04-12 18:15:00","description":"BATTERY:SPOUSE\/EX SPOUSE\/DATE\/ETC","case_number":"10-021776","address":"2100 block of Park Blvd, Oakland 94606","zip_code":null,"beat":"15X","accuracy":"6"}}, 
        {"id":"173365","type":"Feature","geometry":{"type":"Point","coordinates":[-122.248389,37.790348]},"properties":{"crime_type":"AGGRAVATED ASSAULT","date_time":"2010-04-12 11:00:00","description":"INFLICT CORPORAL INJURY ON SPOUSE\/COHABITANT","case_number":"10-021785","address":"1200 block of 12th Ave, Oakland 94606","zip_code":null,"beat":"19X","accuracy":"6"}}, 
        {"id":"173364","type":"Feature","geometry":{"type":"Point","coordinates":[-122.246221,37.793454]},"properties":{"crime_type":"VEHICLE THEFT","date_time":"2010-04-12 08:30:00","description":"VEHICLE THEFT - AUTO","case_number":"10-021792","address":"1000 block of E 17th St, Oakland 94606","zip_code":null,"beat":"17X","accuracy":"6"}}, 
        {"id":"173302","type":"Feature","geometry":{"type":"Point","coordinates":[-122.25137,37.796175]},"properties":{"crime_type":"VEHICLE THEFT","date_time":"2010-04-11 21:30:00","description":"VEHICLE THEFT - AUTO","case_number":"10-021562","address":"1500 block of 6th Ave, Oakland 94606","zip_code":null,"beat":"19X","accuracy":"6"}}, 
        {"id":"173296","type":"Feature","geometry":{"type":"Point","coordinates":[-122.239459,37.788115]},"properties":{"crime_type":"VEHICLE THEFT","date_time":"2010-04-11 20:58:00","description":"VEHICLE THEFT - AUTO","case_number":"10-021588","address":"Foothill Blvd & 19th Ave, Oakland, CA 94606, USA","zip_code":null,"beat":"19X","accuracy":"7"}}, 
        {"id":"173295","type":"Feature","geometry":{"type":"Point","coordinates":[-122.239459,37.788115]},"properties":{"crime_type":"THEFT","date_time":"2010-04-11 20:58:00","description":"POSS STOLEN VEH\/VES\/ETC","case_number":"10-021588","address":"Foothill Blvd & 19th Ave, Oakland, CA 94606, USA","zip_code":null,"beat":"19X","accuracy":"7"}}, 
        {"id":"173291","type":"Feature","geometry":{"type":"Point","coordinates":[-122.252537,37.800269]},"properties":{"crime_type":"SIMPLE ASSAULT","date_time":"2010-04-11 20:07:00","description":"BATTERY","case_number":"10-021581","address":"200 block of E 18th St, Oakland 94606","zip_code":null,"beat":"15X","accuracy":"6"}}, 
        {"id":"173290","type":"Feature","geometry":{"type":"Point","coordinates":[-122.252537,37.800269]},"properties":{"crime_type":"SIMPLE ASSAULT","date_time":"2010-04-11 20:07:00","description":"OBSTRUCTS\/RESISTS PUBLIC OFFICER\/ETC","case_number":"10-021581","address":"200 block of E 18th St, Oakland 94606","zip_code":null,"beat":"15X","accuracy":"6"}}, 
        {"id":"173289","type":"Feature","geometry":{"type":"Point","coordinates":[-122.252537,37.800269]},"properties":{"crime_type":"SIMPLE ASSAULT","date_time":"2010-04-11 20:07:00","description":"CRIMINAL THREATS  THREATED CRIME W\/INTENT TO TERRORIZE","case_number":"10-021581","address":"200 block of E 18th St, Oakland 94606","zip_code":null,"beat":"15X","accuracy":"6"}}, 
        {"id":"173288","type":"Feature","geometry":{"type":"Point","coordinates":[-122.252537,37.800269]},"properties":{"crime_type":"AGGRAVATED ASSAULT","date_time":"2010-04-11 20:07:00","description":"FORCE\/ADW-OTHER DANGEROUS WEAPON:GBI","case_number":"10-021581","address":"200 block of E 18th St, Oakland 94606","zip_code":null,"beat":"15X","accuracy":"6"}}, 
        {"id":"173287","type":"Feature","geometry":{"type":"Point","coordinates":[-122.252537,37.800269]},"properties":{"crime_type":"THEFT","date_time":"2010-04-11 20:07:00","description":"ATTEMPT THEFT","case_number":"10-021581","address":"200 block of E 18th St, Oakland 94606","zip_code":null,"beat":"15X","accuracy":"6"}}, 
        {"id":"173391","type":"Feature","geometry":{"type":"Point","coordinates":[-122.25137,37.796175]},"properties":{"crime_type":"VANDALISM","date_time":"2010-04-11 03:24:00","description":"VANDALISM","case_number":"10-021487","address":"1500 block of 6th Ave, Oakland 94606","zip_code":null,"beat":"19X","accuracy":"6"}}, 
        {"id":"173388","type":"Feature","geometry":{"type":"Point","coordinates":[-122.251344,37.795044]},"properties":{"crime_type":"VANDALISM","date_time":"2010-04-11 00:01:00","description":"VANDALISM-$400+","case_number":"10-021553","address":"600 block of E 15th St, Oakland 94606","zip_code":null,"beat":"19X","accuracy":"6"}}, 
        {"id":"173323","type":"Feature","geometry":{"type":"Point","coordinates":[-122.247562,37.789596]},"properties":{"crime_type":"VANDALISM","date_time":"2010-04-10 23:30:00","description":"VANDALISM (AMENDED)","case_number":"10-021565","address":"1200 block of 13th Ave, Oakland 94606","zip_code":null,"beat":"19X","accuracy":"6"}}, 
        {"id":"173146","type":"Feature","geometry":{"type":"Point","coordinates":[-122.250118,37.790964]},"properties":{"crime_type":"AGGRAVATED ASSAULT","date_time":"2010-04-10 13:50:00","description":"FORCE\/ADW-OTHER DANGEROUS WEAPON:GBI","case_number":"10-021362","address":"1000 block of E 12th St, Oakland 94606","zip_code":null,"beat":"19X","accuracy":"6"}}, 
        {"id":"173144","type":"Feature","geometry":{"type":"Point","coordinates":[-122.252905,37.801935]},"properties":{"crime_type":"THEFT","date_time":"2010-04-10 04:00:00","description":"THEFT","case_number":"10-021351","address":"200 block of Wayne Ave, Oakland 94606","zip_code":null,"beat":"15X","accuracy":"6"}}, 
        {"id":"173143","type":"Feature","geometry":{"type":"Point","coordinates":[-122.252905,37.801935]},"properties":{"crime_type":"VEHICLE THEFT","date_time":"2010-04-10 04:00:00","description":"VEHICLE THEFT - AUTO","case_number":"10-021351","address":"200 block of Wayne Ave, Oakland 94606","zip_code":null,"beat":"15X","accuracy":"6"}}, 
        {"id":"173604","type":"Feature","geometry":{"type":"Point","coordinates":[-122.246889,37.798471]},"properties":{"crime_type":"ROBBERY","date_time":"2010-04-10 01:40:00","description":"ROBBERY - STRONG ARM (HANDS, FISTS, FEET, ETC.)","case_number":"10-021296","address":"600 block of E 20th St, Oakland 94606","zip_code":null,"beat":"17X","accuracy":"6"}}, 
        {"id":"173603","type":"Feature","geometry":{"type":"Point","coordinates":[-122.246889,37.798471]},"properties":{"crime_type":"ROBBERY","date_time":"2010-04-10 01:40:00","description":"ROBBERY - STRONG ARM (HANDS, FISTS, FEET, ETC.)","case_number":"10-021296-001","address":"600 block of E 20th St, Oakland 94606","zip_code":null,"beat":"17X","accuracy":"6"}}, 
        {"id":"173628","type":"Feature","geometry":{"type":"Point","coordinates":[-122.245987,37.796216]},"properties":{"crime_type":"VEHICLE THEFT","date_time":"2010-04-09 19:00:00","description":"VEHICLE THEFT - AUTO","case_number":"10-021688","address":"800 block of E 19th St, Oakland 94606","zip_code":null,"beat":"17X","accuracy":"6"}}, 
        {"id":"173079","type":"Feature","geometry":{"type":"Point","coordinates":[-122.250118,37.790964]},"properties":{"crime_type":"AGGRAVATED ASSAULT","date_time":"2010-04-09 09:40:00","description":"FORCE\/ADW-OTHER DANGEROUS WEAPON:GBI","case_number":"10-021130-002","address":"1000 block of E 12th St, Oakland 94606","zip_code":null,"beat":"19X","accuracy":"6"}}, 
        {"id":"173078","type":"Feature","geometry":{"type":"Point","coordinates":[-122.250118,37.790964]},"properties":{"crime_type":"AGGRAVATED ASSAULT","date_time":"2010-04-09 09:40:00","description":"FORCE\/ADW-KNIFE:GBI","case_number":"10-021130-001","address":"1000 block of E 12th St, Oakland 94606","zip_code":null,"beat":"19X","accuracy":"6"}}, 
        {"id":"173788","type":"Feature","geometry":{"type":"Point","coordinates":[-122.245645,37.790963]},"properties":{"crime_type":"VEHICLE THEFT","date_time":"2010-04-09 09:31:00","description":"VEHICLE THEFT - AUTO","case_number":"10-021098-001","address":"1500 block of 13th Ave, Oakland 94606","zip_code":null,"beat":"19X","accuracy":"6"}}, 
        {"id":"173077","type":"Feature","geometry":{"type":"Point","coordinates":[-122.250118,37.790964]},"properties":{"crime_type":"AGGRAVATED ASSAULT","date_time":"2010-04-09 09:30:00","description":"FORCE\/ADW-KNIFE:GBI","case_number":"10-021130","address":"1000 block of E 12th St, Oakland 94606","zip_code":null,"beat":"19X","accuracy":"6"}}, 
        {"id":"172931","type":"Feature","geometry":{"type":"Point","coordinates":[-122.251478,37.796643]},"properties":{"crime_type":"NARCOTICS","date_time":"2010-04-09 00:44:00","description":"POSSESS NARCOTIC CONTROLLED SUBSTANCE","case_number":"10-021078","address":"500 block of Foothill Blvd, Oakland 94606","zip_code":null,"beat":"17X","accuracy":"6"}}, 
        {"id":"173070","type":"Feature","geometry":{"type":"Point","coordinates":[-122.234317,37.79861]},"properties":{"crime_type":"DISTURBING THE PEACE","date_time":"2010-04-09 00:00:00","description":"ANNOYING TELEPHONE CALL:OBSCENE\/THREATENING","case_number":"10-021345","address":"1300 block of E 28th St, Oakland 94606","zip_code":null,"beat":"17Y","accuracy":"6"}}, 
        {"id":"172977","type":"Feature","geometry":{"type":"Point","coordinates":[-122.2469,37.796693]},"properties":{"crime_type":"SIMPLE ASSAULT","date_time":"2010-04-08 21:50:00","description":"BATTERY:SPOUSE\/EX SPOUSE\/DATE\/ETC","case_number":"10-021049","address":"1800 block of 8th Ave, Oakland 94606","zip_code":null,"beat":"17X","accuracy":"6"}}, 
        {"id":"173114","type":"Feature","geometry":{"type":"Point","coordinates":[-122.245485,37.792822]},"properties":{"crime_type":"VEHICLE THEFT","date_time":"2010-04-08 21:00:00","description":"VEHICLE THEFT - AUTO","case_number":"10-021098","address":"1100 block of E 17th St, Oakland 94606","zip_code":null,"beat":"17X","accuracy":"6"}}, 
        {"id":"172963","type":"Feature","geometry":{"type":"Point","coordinates":[-122.241927,37.792622]},"properties":{"crime_type":"THEFT","date_time":"2010-04-08 18:30:00","description":"THEFT","case_number":"10-021045","address":"1300 block of E 19th St, Oakland 94606","zip_code":null,"beat":"17X","accuracy":"6"}}, 
        {"id":"173956","type":"Feature","geometry":{"type":"Point","coordinates":[-122.243625,37.80112]},"properties":{"crime_type":"THEFT","date_time":"2010-04-08 18:00:00","description":"THEFT","case_number":"10-901644","address":"2300 block of Ivy Dr, Oakland 94606","zip_code":null,"beat":"17Y","accuracy":"6"}}, 
        {"id":"172951","type":"Feature","geometry":{"type":"Point","coordinates":[-122.244373,37.795849]},"properties":{"crime_type":"SIMPLE ASSAULT","date_time":"2010-04-08 14:23:00","description":"BATTERY","case_number":"10-020983","address":"1900 block of 10th Ave, Oakland 94606","zip_code":null,"beat":"17X","accuracy":"6"}}, 
        {"id":"173200","type":"Feature","geometry":{"type":"Point","coordinates":[-122.245016,37.799783]},"properties":{"crime_type":"BURGLARY","date_time":"2010-04-08 13:00:00","description":"BURGLARY-FORCIBLE ENTRY","case_number":"10-021128","address":"600 block of E 22nd St, Oakland 94606","zip_code":null,"beat":"04X","accuracy":"6"}}, 
        {"id":"172716","type":"Feature","geometry":{"type":"Point","coordinates":[-122.250526,37.798784]},"properties":{"crime_type":"BURGLARY","date_time":"2010-04-08 12:30:00","description":"BURGLARY-NO FORCE","case_number":"10-020957","address":"400 block of E 18th St, Oakland 94606","zip_code":null,"beat":"17X","accuracy":"6"}}, 
        {"id":"172710","type":"Feature","geometry":{"type":"Point","coordinates":[-122.25117,37.8]},"properties":{"crime_type":"VANDALISM","date_time":"2010-04-08 03:17:00","description":"VANDALISM","case_number":"10-020876","address":"1800 block of 3rd Ave, Oakland 94606","zip_code":null,"beat":"15X","accuracy":"6"}}, 
        {"id":"172994","type":"Feature","geometry":{"type":"Point","coordinates":[-122.242738,37.789847]},"properties":{"crime_type":"VEHICLE THEFT","date_time":"2010-04-07 21:40:00","description":"VEHICLE THEFT - AUTO","case_number":"10-020919","address":"1500 block of 16th Ave, Oakland 94606","zip_code":null,"beat":"19X","accuracy":"6"}}, 
        {"id":"172776","type":"Feature","geometry":{"type":"Point","coordinates":[-122.253241,37.794842]},"properties":{"crime_type":"VEHICLE THEFT","date_time":"2010-04-07 19:52:00","description":"VEHICLE THEFT - AUTO","case_number":"10-018613-001","address":"1300 block of 6th Ave, Oakland 94606","zip_code":null,"beat":"19X","accuracy":"6"}}, 
        {"id":"172754","type":"Feature","geometry":{"type":"Point","coordinates":[-122.237307,37.796918]},"properties":{"crime_type":"VEHICLE THEFT","date_time":"2010-04-07 18:00:00","description":"VEHICLE THEFT - AUTO","case_number":"10-020943","address":"2400 block of 13th Ave, Oakland 94606","zip_code":null,"beat":"17Y","accuracy":"6"}}, 
        {"id":"173972","type":"Feature","geometry":{"type":"Point","coordinates":[-122.24082,37.794402]},"properties":{"crime_type":"THEFT","date_time":"2010-04-07 18:00:00","description":"GRAND THEFT","case_number":"10-901661","address":"2000 block of 13th Ave, Oakland 94606","zip_code":null,"beat":"17X","accuracy":"6"}}, 
        {"id":"172741","type":"Feature","geometry":{"type":"Point","coordinates":[-122.249532,37.801852]},"properties":{"crime_type":"SIMPLE ASSAULT","date_time":"2010-04-07 14:35:00","description":"BATTERY:SPOUSE\/EX SPOUSE\/DATE\/ETC","case_number":"10-020774","address":"300 block of Lester Ave, Oakland 94606","zip_code":null,"beat":"15X","accuracy":"6"}}, 
        {"id":"172999","type":"Feature","geometry":{"type":"Point","coordinates":[-122.246889,37.798471]},"properties":{"crime_type":"NARCOTICS","date_time":"2010-04-06 21:01:00","description":"PLANT\/CULTIVATE\/ETC MARIJUANA\/HASHISH","case_number":"10-020662","address":"600 block of E 20th St, Oakland 94606","zip_code":null,"beat":"17X","accuracy":"6"}}, 
        {"id":"172831","type":"Feature","geometry":{"type":"Point","coordinates":[-122.248801,37.794264]},"properties":{"crime_type":"SIMPLE ASSAULT","date_time":"2010-04-06 17:45:00","description":"BATTERY:SPOUSE\/EX SPOUSE\/DATE\/ETC","case_number":"10-020630","address":"800 block of Foothill Blvd, Oakland 94606","zip_code":null,"beat":"17X","accuracy":"6"}}, 
        {"id":"172817","type":"Feature","geometry":{"type":"Point","coordinates":[-122.243966,37.801816]},"properties":{"crime_type":"THEFT","date_time":"2010-04-06 14:15:00","description":"THEFT:PERSONAL PROPERTY","case_number":"10-020966","address":"Park Blvd & Montclair Ave, Oakland, CA 94606, USA","zip_code":null,"beat":"17Y","accuracy":"7"}}, 
        {"id":"172812","type":"Feature","geometry":{"type":"Point","coordinates":[-122.24493,37.800969]},"properties":{"crime_type":"THEFT","date_time":"2010-04-06 13:00:00","description":"THEFT","case_number":"10-020638","address":"2200 block of Ivy Dr, Oakland 94606","zip_code":null,"beat":"17Y","accuracy":"6"}}, 
        {"id":"173125","type":"Feature","geometry":{"type":"Point","coordinates":[-122.242738,37.793035]},"properties":{"crime_type":"ROBBERY","date_time":"2010-04-06 10:30:00","description":"ROBBERY-FIREARM","case_number":"10-020566","address":"1800 block of 13th Ave, Oakland 94606","zip_code":null,"beat":"17X","accuracy":"6"}}, 
        {"id":"172805","type":"Feature","geometry":{"type":"Point","coordinates":[-122.241844,37.794018]},"properties":{"crime_type":"SIMPLE ASSAULT","date_time":"2010-04-06 08:00:00","description":"BATTERY:SPOUSE\/ETC","case_number":"10-020533","address":"1200 block of E 20th St, Oakland 94606","zip_code":null,"beat":"17X","accuracy":"6"}}, 
        {"id":"172642","type":"Feature","geometry":{"type":"Point","coordinates":[-122.23395,37.800367]},"properties":{"crime_type":"ROBBERY","date_time":"2010-04-06 02:10:00","description":"ROBBERY-FIREARM","case_number":"10-020509","address":"3100 block of 13th Ave, Oakland 94602","zip_code":null,"beat":"17Y","accuracy":"6"}}, 
        {"id":"173003","type":"Feature","geometry":{"type":"Point","coordinates":[-122.24455,37.79199]},"properties":{"crime_type":"THEFT","date_time":"2010-04-05 23:00:00","description":"THEFT","case_number":"10-020647","address":"1200 block of E 17th St, Oakland 94606","zip_code":null,"beat":"17X","accuracy":"6"}}, 
        {"id":"172665","type":"Feature","geometry":{"type":"Point","coordinates":[-122.249787,37.800689]},"properties":{"crime_type":"SIMPLE ASSAULT","date_time":"2010-04-05 19:15:00","description":"BATTERY","case_number":"10-020455","address":"200 block of Athol Ave, Oakland 94606","zip_code":null,"beat":"15X","accuracy":"6"}}, 
        {"id":"173996","type":"Feature","geometry":{"type":"Point","coordinates":[-122.250418,37.79419]},"properties":{"crime_type":"THEFT","date_time":"2010-04-05 09:00:00","description":"BURGLARY-AUTO","case_number":"10-901523","address":"E 15th St & 8th Ave, Oakland, CA 94606, USA","zip_code":null,"beat":"19X","accuracy":"7"}}, 
        {"id":"172865","type":"Feature","geometry":{"type":"Point","coordinates":[-122.251493,37.798727]},"properties":{"crime_type":"THEFT","date_time":"2010-04-05 06:00:00","description":"THEFT:PERSONAL PROPERTY","case_number":"10-020479","address":"1700 block of 4th Ave, Oakland 94606","zip_code":null,"beat":"17X","accuracy":"6"}}, 
        {"id":"172493","type":"Feature","geometry":{"type":"Point","coordinates":[-122.252905,37.801935]},"properties":{"crime_type":"ROBBERY","date_time":"2010-04-05 00:50:00","description":"ROBBERY-FIREARM","case_number":"10-020298","address":"200 block of Wayne Ave, Oakland 94606","zip_code":null,"beat":"15X","accuracy":"6"}}, 
        {"id":"172910","type":"Feature","geometry":{"type":"Point","coordinates":[-122.236294,37.801032]},"properties":{"crime_type":"VEHICLE THEFT","date_time":"2010-04-04 16:00:00","description":"VEHICLE THEFT - AUTO","case_number":"10-020639","address":"1000 block of Bella Vista Ave, Oakland 94610","zip_code":null,"beat":"17Y","accuracy":"6"}}, 
        {"id":"172568","type":"Feature","geometry":{"type":"Point","coordinates":[-122.250592,37.794373]},"properties":{"crime_type":"SIMPLE ASSAULT","date_time":"2010-04-04 16:00:00","description":"BATTERY:SPOUSE\/EX SPOUSE\/DATE\/ETC","case_number":"10-020220","address":"700 block of E 15th St, Oakland 94606","zip_code":null,"beat":"05X","accuracy":"6"}}, 
        {"id":"172671","type":"Feature","geometry":{"type":"Point","coordinates":[-122.251489,37.80417]},"properties":{"crime_type":"VEHICLE THEFT","date_time":"2010-04-04 11:00:00","description":"VEHICLE THEFT - AUTO","case_number":"10-020191-003","address":"2000 block of Lakeshore Ave, Oakland 94606","zip_code":null,"beat":"15X","accuracy":"6"}}, 
        {"id":"172556","type":"Feature","geometry":{"type":"Point","coordinates":[-122.251489,37.80417]},"properties":{"crime_type":"VEHICLE THEFT","date_time":"2010-04-04 10:29:00","description":"VEHICLE THEFT - AUTO","case_number":"10-020191-001","address":"2000 block of Lakeshore Ave, Oakland 94606","zip_code":null,"beat":"15X","accuracy":"6"}}, 
        {"id":"172555","type":"Feature","geometry":{"type":"Point","coordinates":[-122.251489,37.80417]},"properties":{"crime_type":"VEHICLE THEFT","date_time":"2010-04-04 10:20:00","description":"VEHICLE THEFT - AUTO","case_number":"10-020191","address":"2000 block of Lakeshore Ave, Oakland 94606","zip_code":null,"beat":"15X","accuracy":"6"}}, 
        {"id":"172554","type":"Feature","geometry":{"type":"Point","coordinates":[-122.251489,37.80417]},"properties":{"crime_type":"THEFT","date_time":"2010-04-04 10:20:00","description":"BURGLARY-AUTO","case_number":"10-020191","address":"2000 block of Lakeshore Ave, Oakland 94606","zip_code":null,"beat":"15X","accuracy":"6"}}, 
        {"id":"172553","type":"Feature","geometry":{"type":"Point","coordinates":[-122.251489,37.80417]},"properties":{"crime_type":"THEFT","date_time":"2010-04-04 10:20:00","description":"RECEIVE\/ETC KNOWN STOLEN PROPERTY","case_number":"10-020191","address":"2000 block of Lakeshore Ave, Oakland 94606","zip_code":null,"beat":"15X","accuracy":"6"}}, 
        {"id":"172552","type":"Feature","geometry":{"type":"Point","coordinates":[-122.251489,37.80417]},"properties":{"crime_type":"THEFT","date_time":"2010-04-04 10:20:00","description":"POSS STOLEN VEH\/VES\/ETC","case_number":"10-020191-002","address":"2000 block of Lakeshore Ave, Oakland 94606","zip_code":null,"beat":"15X","accuracy":"6"}}, 
        {"id":"172551","type":"Feature","geometry":{"type":"Point","coordinates":[-122.251489,37.80417]},"properties":{"crime_type":"THEFT","date_time":"2010-04-04 10:20:00","description":"BURGLARY-AUTO","case_number":"10-020191-002","address":"2000 block of Lakeshore Ave, Oakland 94606","zip_code":null,"beat":"15X","accuracy":"6"}}, 
        {"id":"172550","type":"Feature","geometry":{"type":"Point","coordinates":[-122.251489,37.80417]},"properties":{"crime_type":"VEHICLE THEFT","date_time":"2010-04-04 10:20:00","description":"VEHICLE THEFT - AUTO","case_number":"10-020191-002","address":"2000 block of Lakeshore Ave, Oakland 94606","zip_code":null,"beat":"15X","accuracy":"6"}}, 
        {"id":"172545","type":"Feature","geometry":{"type":"Point","coordinates":[-122.249446,37.799272]},"properties":{"crime_type":"ROBBERY","date_time":"2010-04-04 05:03:00","description":"ROBBERY-FIREARM","case_number":"10-020168-002","address":"400 block of E 19th St, Oakland 94606","zip_code":null,"beat":"17X","accuracy":"6"}}, 
        {"id":"172541","type":"Feature","geometry":{"type":"Point","coordinates":[-122.254997,37.792291]},"properties":{"crime_type":"ROBBERY","date_time":"2010-04-04 04:36:00","description":"ROBBERY-OTHER DANGEROUS WEAPON","case_number":"10-020168-001","address":"E 10th St & 7th Ave, Oakland, CA 94606, USA","zip_code":null,"beat":"19X","accuracy":"7"}}, 
        {"id":"172538","type":"Feature","geometry":{"type":"Point","coordinates":[-122.254997,37.792291]},"properties":{"crime_type":"AGGRAVATED ASSAULT","date_time":"2010-04-04 04:15:00","description":"BATTERY W\/SERIOUS BODILY INJURY","case_number":"10-020168","address":"E 10th St & 7th Ave, Oakland, CA 94606, USA","zip_code":null,"beat":"19X","accuracy":"7"}}, 
        {"id":"172537","type":"Feature","geometry":{"type":"Point","coordinates":[-122.254997,37.792291]},"properties":{"crime_type":"AGGRAVATED ASSAULT","date_time":"2010-04-04 04:15:00","description":"FORCE\/ADW-OTHER DANGEROUS WEAPON:GBI","case_number":"10-020168","address":"E 10th St & 7th Ave, Oakland, CA 94606, USA","zip_code":null,"beat":"19X","accuracy":"7"}}, 
        {"id":"172536","type":"Feature","geometry":{"type":"Point","coordinates":[-122.254997,37.792291]},"properties":{"crime_type":"ROBBERY","date_time":"2010-04-04 04:15:00","description":"ROBBERY-OTHER DANGEROUS WEAPON","case_number":"10-020168","address":"E 10th St & 7th Ave, Oakland, CA 94606, USA","zip_code":null,"beat":"19X","accuracy":"7"}}, 
        {"id":"172615","type":"Feature","geometry":{"type":"Point","coordinates":[-122.234248,37.790287]},"properties":{"crime_type":"BURGLARY","date_time":"2010-04-03 14:40:00","description":"BURGLARY-NO FORCE","case_number":"10-020344","address":"2000 block of E 21st St, Oakland 94606","zip_code":null,"beat":"18Y","accuracy":"6"}}, 
        {"id":"172685","type":"Feature","geometry":{"type":"Point","coordinates":[-122.252537,37.800269]},"properties":{"crime_type":"AGGRAVATED ASSAULT","date_time":"2010-04-03 13:05:00","description":"FORCE\/ADW-OTHER DANGEROUS WEAPON:GBI","case_number":"10-020043","address":"200 block of E 18th St, Oakland 94606","zip_code":null,"beat":"15X","accuracy":"6"}}, 
        {"id":"172309","type":"Feature","geometry":{"type":"Point","coordinates":[-122.239122,37.794382]},"properties":{"crime_type":"VEHICLE THEFT","date_time":"2010-04-03 05:30:00","description":"VEHICLE THEFT - AUTO","case_number":"10-020027","address":"2100 block of 14th Ave, Oakland 94606","zip_code":null,"beat":"17Y","accuracy":"6"}}, 
        {"id":"172376","type":"Feature","geometry":{"type":"Point","coordinates":[-122.236236,37.794871]},"properties":{"crime_type":"ROBBERY","date_time":"2010-04-02 23:00:00","description":"ROBBERY - STRONG ARM (HANDS, FISTS, FEET, ETC.)","case_number":"10-019953","address":"2300 block of 17th Ave, Oakland 94606","zip_code":null,"beat":"18Y","accuracy":"6"}}, 
        {"id":"172635","type":"Feature","geometry":{"type":"Point","coordinates":[-122.250118,37.790964]},"properties":{"crime_type":"THEFT","date_time":"2010-04-02 18:30:00","description":"THEFT","case_number":"10-020225","address":"1000 block of E 12th St, Oakland 94606","zip_code":null,"beat":"19X","accuracy":"6"}}, 
        {"id":"172690","type":"Feature","geometry":{"type":"Point","coordinates":[-122.243927,37.792168]},"properties":{"crime_type":"VEHICLE THEFT","date_time":"2010-04-02 15:00:00","description":"VEHICLE THEFT - AUTO","case_number":"10-020235","address":"1700 block of 13th Ave, Oakland 94606","zip_code":null,"beat":"17X","accuracy":"6"}}, 
        {"id":"172689","type":"Feature","geometry":{"type":"Point","coordinates":[-122.243927,37.792168]},"properties":{"crime_type":"VEHICLE THEFT","date_time":"2010-04-02 15:00:00","description":"VEHICLE THEFT - AUTO","case_number":"10-020235-001","address":"1700 block of 13th Ave, Oakland 94606","zip_code":null,"beat":"17X","accuracy":"6"}}, 
        {"id":"172915","type":"Feature","geometry":{"type":"Point","coordinates":[-122.252537,37.800269]},"properties":{"crime_type":"THEFT","date_time":"2010-04-02 00:00:00","description":"THEFT","case_number":"10-020429","address":"200 block of E 18th St, Oakland 94606","zip_code":null,"beat":"15X","accuracy":"6"}}, 
        {"id":"172151","type":"Feature","geometry":{"type":"Point","coordinates":[-122.235163,37.793277]},"properties":{"crime_type":"BURGLARY","date_time":"2010-04-02 00:00:00","description":"BURGLARY-FORCIBLE ENTRY","case_number":"10-019826","address":"1800 block of E 23rd St, Oakland 94606","zip_code":null,"beat":"18Y","accuracy":"6"}}, 
        {"id":"177002","type":"Feature","geometry":{"type":"Point","coordinates":[-122.235532,37.802703]},"properties":{"crime_type":"VANDALISM","date_time":"2010-04-01 20:30:00","description":"VANDALISM","case_number":"10-902137","address":"1000 block of E 33rd St, Oakland 94610","zip_code":null,"beat":"17Y","accuracy":"6"}}, 
        {"id":"174062","type":"Feature","geometry":{"type":"Point","coordinates":[-122.250535,37.794089]},"properties":{"crime_type":"THEFT","date_time":"2010-04-01 15:10:00","description":"GRAND THEFT","case_number":"10-901585","address":"1400 block of 8th Ave, Oakland 94606","zip_code":null,"beat":"19X","accuracy":"6"}}, 
        {"id":"174051","type":"Feature","geometry":{"type":"Point","coordinates":[-122.246817,37.796955]},"properties":{"crime_type":"THEFT","date_time":"2010-04-01 08:45:00","description":"THEFT","case_number":"10-901530","address":"700 block of E 19th St, Oakland 94606","zip_code":null,"beat":"17X","accuracy":"6"}}, 
        {"id":"172033","type":"Feature","geometry":{"type":"Point","coordinates":[-122.245078,37.798361]},"properties":{"crime_type":"NARCOTICS","date_time":"2010-04-01 08:30:00","description":"POSSESS NARCOTIC CONTROLLED SUBSTANCE","case_number":"10-019543","address":"700 block of E 21st St, Oakland 94606","zip_code":null,"beat":"17X","accuracy":"6"}}, 
        {"id":"172032","type":"Feature","geometry":{"type":"Point","coordinates":[-122.245078,37.798361]},"properties":{"crime_type":"NARCOTICS","date_time":"2010-04-01 08:20:00","description":"POSSESS HYPODERMIC NEEDLE\/SYRINGE (REPEALED)","case_number":"10-019543-001","address":"700 block of E 21st St, Oakland 94606","zip_code":null,"beat":"17X","accuracy":"6"}}, 
        {"id":"172031","type":"Feature","geometry":{"type":"Point","coordinates":[-122.245078,37.798361]},"properties":{"crime_type":"NARCOTICS","date_time":"2010-04-01 08:20:00","description":"POSSESS NARCOTIC CONTROLLED SUBSTANCE","case_number":"10-019543-001","address":"700 block of E 21st St, Oakland 94606","zip_code":null,"beat":"17X","accuracy":"6"}}, 
        {"id":"172022","type":"Feature","geometry":{"type":"Point","coordinates":[-122.249509,37.794859]},"properties":{"crime_type":"ROBBERY","date_time":"2010-04-01 01:05:00","description":"ROBBERY - STRONG ARM (HANDS, FISTS, FEET, ETC.)","case_number":"10-019520","address":"Foothill Blvd & 8th Ave, Oakland, CA 94606, USA","zip_code":null,"beat":"17X","accuracy":"7"}}, 
        {"id":"172021","type":"Feature","geometry":{"type":"Point","coordinates":[-122.252081,37.797176]},"properties":{"crime_type":"DISTURBING THE PEACE","date_time":"2010-04-01 01:00:00","description":"ANNOYING TELEPHONE CALL:OBSCENE\/THREATENING","case_number":"10-019516-001","address":"400 block of Foothill Blvd, Oakland 94606","zip_code":null,"beat":"19X","accuracy":"6"}}, 
        {"id":"172926","type":"Feature","geometry":{"type":"Point","coordinates":[-122.24688,37.803452]},"properties":{"crime_type":"THEFT","date_time":"2010-04-01 00:00:00","description":"BURGLARY-AUTO","case_number":"10-020961","address":"400 block of Haddon Rd, Oakland 94606","zip_code":null,"beat":"15X","accuracy":"6"}}, 
        {"id":"172925","type":"Feature","geometry":{"type":"Point","coordinates":[-122.236834,37.789177]},"properties":{"crime_type":"THEFT","date_time":"2010-04-01 00:00:00","description":"THEFT","case_number":"10-020329","address":"E 19th St & 20th Ave, Oakland, CA 94606, USA","zip_code":null,"beat":"18X","accuracy":"7"}} 
      ]
}